filepaths,No,name,3d4mm,13d6mm,target_size
dataset/WC_TC-AS/signal/No06.pickle,6,O1230-20231020105245937,51.024,51.022,51.03585644
dataset/WC_TC-AS/signal/No08.pickle,8,O1230-20231020105820786,51.029,51.029,51.03585644
